[
{
    "model": "auth.group",
    "fields": {
        "name": "Admin",
        "permissions": []
    }
},
{
    "model": "auth.group",
    "fields": {
        "name": "Bachelor-Admin",
        "permissions": []
    }
},
{
    "model": "auth.group",
    "fields": {
        "name": "Master-Admin",
        "permissions": []
    }
},
{
    "model": "auth.group",
    "fields": {
        "name": "Teacher",
        "permissions": [
            [
                "add_assignment",
                "academic",
                "assignment"
            ],
            [
                "change_assignment",
                "academic",
                "assignment"
            ],
            [
                "delete_assignment",
                "academic",
                "assignment"
            ],
            [
                "view_assignment",
                "academic",
                "assignment"
            ],
            [
                "add_routine",
                "academic",
                "routine"
            ],
            [
                "change_routine",
                "academic",
                "routine"
            ],
            [
                "delete_routine",
                "academic",
                "routine"
            ],
            [
                "view_routine",
                "academic",
                "routine"
            ],
            [
                "add_syllabus",
                "academic",
                "syllabus"
            ],
            [
                "change_syllabus",
                "academic",
                "syllabus"
            ],
            [
                "delete_syllabus",
                "academic",
                "syllabus"
            ],
            [
                "view_syllabus",
                "academic",
                "syllabus"
            ]
        ]
    }
},
{
    "model": "auth.group",
    "fields": {
        "name": "Student",
        "permissions": []
    }
},
{
    "model": "auth.group",
    "fields": {
        "name": "Parent",
        "permissions": []
    }
},
{
    "model": "auth.group",
    "fields": {
        "name": "Procurement",
        "permissions": []
    }
},
{
    "model": "auth.group",
    "fields": {
        "name": "Finance",
        "permissions": []
    }
},
{
    "model": "auth.group",
    "fields": {
        "name": "Super-Admin",
        "permissions": []
    }
},
{
    "model": "sessions.session",
    "pk": "6ht4cd8b3ubk92w1ppaz4k1suz051jxt",
    "fields": {
        "session_data": ".eJxVjEEOwiAQRe_C2hBopwO4dO8ZCDNDpWpoUtqV8e7apAvd_vfef6mYtrXEreUlTqLOqgvq9DtS4keuO5F7qrdZ81zXZSK9K_qgTV9nyc_L4f4dlNTKtyZmy5KHbiQhECRGhxwYem_7QQwbdASGHAAaSOjC6H1vgzcC7FHU-wMs9jgS:1o82EB:WJ4A8POnWaQ8ip2zioeIfu1Iiiq6eJ2boWvoqnLGMrg",
        "expire_date": "2022-07-17T16:13:43.451Z"
    }
},
{
    "model": "sessions.session",
    "pk": "cuxe9foupsvh1aqgmv1gmctp9sppb1qi",
    "fields": {
        "session_data": ".eJxVjEEOwiAQRe_C2hBopwO4dO8ZCDNDpWpoUtqV8e7apAvd_vfef6mYtrXEreUlTqLOqgvq9DtS4keuO5F7qrdZ81zXZSK9K_qgTV9nyc_L4f4dlNTKtyZmy5KHbiQhECRGhxwYem_7QQwbdASGHAAaSOjC6H1vgzcC7FHU-wMs9jgS:1o8geY:thX3IfU44fefXbFTcYqww2SrCyZ_B5kykVI2mPNa2eo",
        "expire_date": "2022-07-19T11:23:38.031Z"
    }
},
{
    "model": "sessions.session",
    "pk": "lyvpzxn68v1wac5ijcicwn8w05vevon7",
    "fields": {
        "session_data": ".eJxVjEEOwiAQRe_C2hBopwO4dO8ZCDNDpWpoUtqV8e7apAvd_vfef6mYtrXEreUlTqLOqgvq9DtS4keuO5F7qrdZ81zXZSK9K_qgTV9nyc_L4f4dlNTKtyZmy5KHbiQhECRGhxwYem_7QQwbdASGHAAaSOjC6H1vgzcC7FHU-wMs9jgS:1o8n7U:a9gzsTAHdPkgyqbhyKCS13SJmjwNII1EovuGBcSWQx4",
        "expire_date": "2022-07-19T18:17:56.340Z"
    }
},
{
    "model": "sessions.session",
    "pk": "qu08gx7mq6ra0betsolce4ewaiew8frc",
    "fields": {
        "session_data": ".eJxVjMsOwiAQRf-FtSE4QBGX7usvkAEGQVua9LEy_rs06UK395x73szhtma3LTS7EtmVATv9bh7Di-oO4hPrY-JhqutcPN8VftCF91Ok4Xa4f4GMS27vzqYgqFMSAM9G2osxNsgIISVQ0Ug0mKyOpLROIDyI5JUylkArAahDi1YcqZXuZcZxYJ8vcXs8bA:1o840Z:DHmLsFYVv_gOCoz9rpfrAca2YQMq2x5LTrXMSeH0M-I",
        "expire_date": "2022-07-17T18:07:47.557Z"
    }
},
{
    "model": "student_management_app.customuser",
    "fields": {
        "password": "pbkdf2_sha256$260000$doesONm1fBedn8EQA51JPX$70PSMxgt82PtkYPbAoVMi6tlymlYsrKCvOSQDSuqYtY=",
        "last_login": "2022-06-26T12:49:57.968Z",
        "is_superuser": true,
        "username": "admin",
        "first_name": "",
        "last_name": "",
        "is_staff": true,
        "is_active": true,
        "date_joined": "2022-06-26T12:49:47.453Z",
        "full_name": "",
        "user_type": null,
        "email": "",
        "groups": [],
        "user_permissions": []
    }
},
{
    "model": "student_management_app.customuser",
    "fields": {
        "password": "pbkdf2_sha256$260000$ga8lJLzXWNvt4jvwcRDU0M$Z9SYqmgyS6FAvVXZX0tbOq1hBp/Uy5vqVPb1QZIdufw=",
        "last_login": "2022-06-26T12:50:16.263Z",
        "is_superuser": true,
        "username": "superadmin",
        "first_name": "",
        "last_name": "",
        "is_staff": true,
        "is_active": true,
        "date_joined": "2022-06-26T12:50:08.802Z",
        "full_name": "superadmin",
        "user_type": [
            "Super-Admin"
        ],
        "email": "",
        "groups": [
            [
                "Super-Admin"
            ]
        ],
        "user_permissions": []
    }
},
{
    "model": "student_management_app.customuser",
    "fields": {
        "password": "pbkdf2_sha256$260000$N2yBbDqHs2uH3GjPUAiSjL$QJO77RiYnbDNAZJWJXcnoIz4NT3XP00GLM413SqjBM4=",
        "last_login": null,
        "is_superuser": false,
        "username": "pporter1",
        "first_name": "",
        "last_name": "",
        "is_staff": false,
        "is_active": true,
        "date_joined": "2022-06-26T12:52:10.286Z",
        "full_name": "Hashim Alexander",
        "user_type": [
            "Parent"
        ],
        "email": "",
        "groups": [
            [
                "Parent"
            ]
        ],
        "user_permissions": []
    }
},
{
    "model": "student_management_app.customuser",
    "fields": {
        "password": "pbkdf2_sha256$260000$8OJGQoPQt6NnWyJPlz7O4g$Wr3khTgOewxye8izQnCmk+PSWEDzvw/4z+/LSLORclI=",
        "last_login": null,
        "is_superuser": false,
        "username": "pkelly2",
        "first_name": "",
        "last_name": "",
        "is_staff": false,
        "is_active": false,
        "date_joined": "2022-06-26T12:55:42.397Z",
        "full_name": "Justine Bolton",
        "user_type": [
            "Parent"
        ],
        "email": "",
        "groups": [
            [
                "Parent"
            ]
        ],
        "user_permissions": []
    }
},
{
    "model": "student_management_app.customuser",
    "fields": {
        "password": "pbkdf2_sha256$260000$Z6r7gdTA6c2qOUtKF4BIKy$i7oDZt1rsWdN5KsTkwmueM8GviaxvrAojjTNEfkp6es=",
        "last_login": null,
        "is_superuser": false,
        "username": "kelly2",
        "first_name": "",
        "last_name": "",
        "is_staff": false,
        "is_active": true,
        "date_joined": "2022-06-26T12:55:43.507Z",
        "full_name": "Kelly Hicks",
        "user_type": [
            "Student"
        ],
        "email": "vovyda@mailinator.com",
        "groups": [
            [
                "Student"
            ]
        ],
        "user_permissions": []
    }
},
{
    "model": "student_management_app.customuser",
    "fields": {
        "password": "pbkdf2_sha256$260000$SvPM001q1ivaEdZfj216ht$KsGKukIf3CI9DDHxuWiJJXk3KgSmI7EqQrJrIIu3Z0w=",
        "last_login": null,
        "is_superuser": false,
        "username": "palexander3",
        "first_name": "",
        "last_name": "",
        "is_staff": false,
        "is_active": true,
        "date_joined": "2022-06-26T13:01:50.739Z",
        "full_name": "Wylie Terry",
        "user_type": [
            "Parent"
        ],
        "email": "",
        "groups": [
            [
                "Parent"
            ]
        ],
        "user_permissions": []
    }
},
{
    "model": "student_management_app.customuser",
    "fields": {
        "password": "pbkdf2_sha256$260000$2Mf54384AqAVqH83Spw2Ii$kpdyRimQ22KUsO46nWB/TGpNHq1fUsQusM/Uso4T8co=",
        "last_login": null,
        "is_superuser": false,
        "username": "plara5",
        "first_name": "",
        "last_name": "",
        "is_staff": false,
        "is_active": true,
        "date_joined": "2022-06-26T17:17:31.738Z",
        "full_name": "Kylynn Klein",
        "user_type": [
            "Parent"
        ],
        "email": "",
        "groups": [
            [
                "Parent"
            ]
        ],
        "user_permissions": []
    }
},
{
    "model": "student_management_app.customuser",
    "fields": {
        "password": "pbkdf2_sha256$260000$Epfom5Mqoo3FyCjgoVxGKv$K1ZSb0BDFwjYeQEFbnuiahj0cocr0TZ1OSA4jWkTaFY=",
        "last_login": null,
        "is_superuser": false,
        "username": "lara5",
        "first_name": "",
        "last_name": "",
        "is_staff": false,
        "is_active": true,
        "date_joined": "2022-06-26T17:17:32.096Z",
        "full_name": "Lara Vincent",
        "user_type": [
            "Student"
        ],
        "email": "11felumoc@mailinator.com",
        "groups": [
            [
                "Student"
            ]
        ],
        "user_permissions": []
    }
},
{
    "model": "student_management_app.customuser",
    "fields": {
        "password": "pbkdf2_sha256$260000$yStFwZkCL4IuSdhBP3q4JF$dhm9T74imA/KakxnHwclJ+xrsefyzTQ6ubZbU38CaZw=",
        "last_login": null,
        "is_superuser": false,
        "username": "phall6",
        "first_name": "",
        "last_name": "",
        "is_staff": false,
        "is_active": true,
        "date_joined": "2022-06-27T04:14:04.780Z",
        "full_name": "Keiko Bruce",
        "user_type": [
            "Parent"
        ],
        "email": "",
        "groups": [
            [
                "Parent"
            ]
        ],
        "user_permissions": []
    }
},
{
    "model": "student_management_app.customuser",
    "fields": {
        "password": "pbkdf2_sha256$260000$KjqQtja2igAJJ0G0XsVt7Z$m4ggkvkPNGJmfk/R317Y/6E//PIDfNZAVK9TfhfnsPQ=",
        "last_login": null,
        "is_superuser": false,
        "username": "hall6",
        "first_name": "",
        "last_name": "",
        "is_staff": false,
        "is_active": false,
        "date_joined": "2022-06-27T04:14:05.705Z",
        "full_name": "Hall Finley",
        "user_type": [
            "Student"
        ],
        "email": "nesomono@mailinator.com",
        "groups": [
            [
                "Student"
            ]
        ],
        "user_permissions": []
    }
},
{
    "model": "student_management_app.customuser",
    "fields": {
        "password": "pbkdf2_sha256$260000$IMKYFdE9kvRU8BmPUlPzey$hfDq2YJ9MN4AkKtHoQo89guPCwIAXeUQgA0KapZuVbQ=",
        "last_login": null,
        "is_superuser": false,
        "username": "plareina7",
        "first_name": "",
        "last_name": "",
        "is_staff": false,
        "is_active": true,
        "date_joined": "2022-06-27T11:20:16.219Z",
        "full_name": "Chastity Campos",
        "user_type": [
            "Parent"
        ],
        "email": "",
        "groups": [
            [
                "Parent"
            ]
        ],
        "user_permissions": []
    }
},
{
    "model": "student_management_app.customuser",
    "fields": {
        "password": "pbkdf2_sha256$260000$797paPLQRfgzcikpGDMBbw$NILDp6WBB3nqUS6mlAsFxSMcS/Yawg8Z+NYJ6Yg1XBI=",
        "last_login": null,
        "is_superuser": false,
        "username": "lareina7",
        "first_name": "",
        "last_name": "",
        "is_staff": false,
        "is_active": true,
        "date_joined": "2022-06-27T11:20:17.089Z",
        "full_name": "Lareina Odonnell",
        "user_type": [
            "Student"
        ],
        "email": "mivesu@mailinator.com",
        "groups": [
            [
                "Student"
            ]
        ],
        "user_permissions": []
    }
},
{
    "model": "student_management_app.customuser",
    "fields": {
        "password": "pbkdf2_sha256$260000$96yEChukJxP4PqAQ3618eF$dIlCGytRTWPJAkYe60XWBQKt3Zja6T5OAyVbI8F51ww=",
        "last_login": null,
        "is_superuser": false,
        "username": "pgwendolyn9",
        "first_name": "",
        "last_name": "",
        "is_staff": false,
        "is_active": true,
        "date_joined": "2022-06-27T11:20:42.741Z",
        "full_name": "Shelly Galloway",
        "user_type": [
            "Parent"
        ],
        "email": "",
        "groups": [
            [
                "Parent"
            ]
        ],
        "user_permissions": []
    }
},
{
    "model": "student_management_app.customuser",
    "fields": {
        "password": "pbkdf2_sha256$260000$GPXcZkuUrAJfGQ6IwBT4HJ$mMS1E1Nr0+HK1wN2fKsgvuCqmaAYOV+RSEh1iUw4M5w=",
        "last_login": null,
        "is_superuser": false,
        "username": "gwendolyn9",
        "first_name": "",
        "last_name": "",
        "is_staff": false,
        "is_active": true,
        "date_joined": "2022-06-27T11:20:43.819Z",
        "full_name": "Gwendolyn Tate",
        "user_type": [
            "Student"
        ],
        "email": "sinivyqu@mailinator.com",
        "groups": [
            [
                "Student"
            ]
        ],
        "user_permissions": []
    }
},
{
    "model": "student_management_app.customuser",
    "fields": {
        "password": "pbkdf2_sha256$260000$QhX31BwlO8HLOiUywVSzFy$BPJbeQr/QQdk/G++Ors77LcuUzYwFHi1PvbnKDk39+I=",
        "last_login": null,
        "is_superuser": false,
        "username": "psadskadjks10",
        "first_name": "",
        "last_name": "",
        "is_staff": false,
        "is_active": true,
        "date_joined": "2022-06-27T11:40:42.321Z",
        "full_name": "",
        "user_type": [
            "Parent"
        ],
        "email": "",
        "groups": [
            [
                "Parent"
            ]
        ],
        "user_permissions": []
    }
},
{
    "model": "student_management_app.customuser",
    "fields": {
        "password": "pbkdf2_sha256$260000$t30JFOAEigGZvwxD358WBe$6x/QBV4sZizMQIgRw8vf48/brVHhrJcz5KUN9D1MDDM=",
        "last_login": null,
        "is_superuser": false,
        "username": "sadskadjks10",
        "first_name": "",
        "last_name": "",
        "is_staff": false,
        "is_active": true,
        "date_joined": "2022-06-27T11:40:44.116Z",
        "full_name": "sadskadjks",
        "user_type": [
            "Student"
        ],
        "email": "smsk@gmail.com",
        "groups": [
            [
                "Student"
            ]
        ],
        "user_permissions": []
    }
},
{
    "model": "student_management_app.customuser",
    "fields": {
        "password": "pbkdf2_sha256$260000$i7nC5zpkh6kLPPpKNEImhc$Kzpi+HmDtRh3fRtqe1GMT+ophJyLjAqcBQ/iANzpGY0=",
        "last_login": null,
        "is_superuser": false,
        "username": "pilliana12",
        "first_name": "",
        "last_name": "",
        "is_staff": false,
        "is_active": true,
        "date_joined": "2022-06-27T12:12:42.843Z",
        "full_name": "Rae Whitfield",
        "user_type": [
            "Parent"
        ],
        "email": "",
        "groups": [
            [
                "Parent"
            ]
        ],
        "user_permissions": []
    }
},
{
    "model": "student_management_app.customuser",
    "fields": {
        "password": "pbkdf2_sha256$260000$v25W9Zw0yMnQ6MIeY8eslM$K+cOdhy6j24eoZoArNeyefLtIZmuM/wicqqDJnsdk+Y=",
        "last_login": null,
        "is_superuser": false,
        "username": "illiana12",
        "first_name": "",
        "last_name": "",
        "is_staff": false,
        "is_active": true,
        "date_joined": "2022-06-27T12:12:43.204Z",
        "full_name": "Illiana Francis",
        "user_type": [
            "Student"
        ],
        "email": "qedeg@mailinator.com",
        "groups": [
            [
                "Student"
            ]
        ],
        "user_permissions": []
    }
},
{
    "model": "student_management_app.customuser",
    "fields": {
        "password": "pbkdf2_sha256$260000$QlwQNpbDqdRC7oYDTGC8Pc$h9HS/z7/VdfUL9vfUw0vjrXO5I3wGYrDi0nCyh8oPIk=",
        "last_login": null,
        "is_superuser": false,
        "username": "pmason15",
        "first_name": "",
        "last_name": "",
        "is_staff": false,
        "is_active": true,
        "date_joined": "2022-06-27T12:17:23.434Z",
        "full_name": "Jaime Mckinney",
        "user_type": [
            "Parent"
        ],
        "email": "",
        "groups": [
            [
                "Parent"
            ]
        ],
        "user_permissions": []
    }
},
{
    "model": "student_management_app.customuser",
    "fields": {
        "password": "pbkdf2_sha256$260000$sNU1BoimR42cFt7v7fi2eh$7fKirthDiKUUQ4Iwkxu8B0QzdZxnGLDKasJD22KKtSI=",
        "last_login": null,
        "is_superuser": false,
        "username": "mason15",
        "first_name": "",
        "last_name": "",
        "is_staff": false,
        "is_active": true,
        "date_joined": "2022-06-27T12:17:23.909Z",
        "full_name": "Mason Noel",
        "user_type": [
            "Student"
        ],
        "email": "manebisoxi@mailinator.com",
        "groups": [
            [
                "Student"
            ]
        ],
        "user_permissions": []
    }
},
{
    "model": "student_management_app.customuser",
    "fields": {
        "password": "pbkdf2_sha256$260000$PKJqvQttaUisJnKiqeuba0$oUlOn8HliHc5DhlzKX6plF5H4DsyLQeNFuEmKKr5INw=",
        "last_login": null,
        "is_superuser": false,
        "username": "padena11111",
        "first_name": "",
        "last_name": "",
        "is_staff": false,
        "is_active": true,
        "date_joined": "2022-06-27T12:22:37.839Z",
        "full_name": "Keane Walton",
        "user_type": [
            "Parent"
        ],
        "email": "",
        "groups": [
            [
                "Parent"
            ]
        ],
        "user_permissions": []
    }
},
{
    "model": "student_management_app.customuser",
    "fields": {
        "password": "pbkdf2_sha256$260000$ooyoMSGwcnuYOrPDX1clkq$W9FglID7VoqPCtx3kQRNgH/c+oyB9QBzJMfC5rL4iw0=",
        "last_login": null,
        "is_superuser": false,
        "username": "adena11111",
        "first_name": "",
        "last_name": "",
        "is_staff": false,
        "is_active": true,
        "date_joined": "2022-06-27T12:22:38.197Z",
        "full_name": "Adena Lindsey",
        "user_type": [
            "Student"
        ],
        "email": "jusavu@mailinator.com",
        "groups": [
            [
                "Student"
            ]
        ],
        "user_permissions": []
    }
},
{
    "model": "student_management_app.customuser",
    "fields": {
        "password": "pbkdf2_sha256$260000$HjD7iZJW8g60W9W7k59Ygg$Q02ov2cfaUVQWv+V8lfnhJlnrvtDiN35UEfZkF13pRE=",
        "last_login": null,
        "is_superuser": false,
        "username": "pross111112",
        "first_name": "",
        "last_name": "",
        "is_staff": false,
        "is_active": true,
        "date_joined": "2022-06-27T12:23:12.169Z",
        "full_name": "Uriah Hart",
        "user_type": [
            "Parent"
        ],
        "email": "",
        "groups": [
            [
                "Parent"
            ]
        ],
        "user_permissions": []
    }
},
{
    "model": "student_management_app.customuser",
    "fields": {
        "password": "pbkdf2_sha256$260000$Hf6vigAoumHWvwjZ7KB8LS$u9B/g4e7gwNSO7CRBWdXMcN6zR0TbJhD2R2YhX9P8Dk=",
        "last_login": null,
        "is_superuser": false,
        "username": "ross111112",
        "first_name": "",
        "last_name": "",
        "is_staff": false,
        "is_active": true,
        "date_joined": "2022-06-27T12:23:12.561Z",
        "full_name": "Ross Contreras",
        "user_type": [
            "Student"
        ],
        "email": "qixenop@mailinator.com",
        "groups": [
            [
                "Student"
            ]
        ],
        "user_permissions": []
    }
},
{
    "model": "student_management_app.customuser",
    "fields": {
        "password": "pbkdf2_sha256$260000$yT0DmUHC4QPBPnZs3p0cq8$IcwqL8eGSvgCbbil1beLHc2WZC45G4eBtzk35/wSvUA=",
        "last_login": null,
        "is_superuser": false,
        "username": "peleanor1122112",
        "first_name": "",
        "last_name": "",
        "is_staff": false,
        "is_active": true,
        "date_joined": "2022-06-27T12:41:10.712Z",
        "full_name": "Fletcher Whitaker",
        "user_type": [
            "Parent"
        ],
        "email": "",
        "groups": [
            [
                "Parent"
            ]
        ],
        "user_permissions": []
    }
},
{
    "model": "student_management_app.customuser",
    "fields": {
        "password": "pbkdf2_sha256$260000$ev710Py1XHJ6n0DbnOuLiM$e1rPwYuFTD03D0x/JImQAPFMFgwo8MV6m+h6st9N98w=",
        "last_login": null,
        "is_superuser": false,
        "username": "eleanor1122112",
        "first_name": "",
        "last_name": "",
        "is_staff": false,
        "is_active": true,
        "date_joined": "2022-06-27T12:41:11.070Z",
        "full_name": "Eleanor Carroll",
        "user_type": [
            "Student"
        ],
        "email": "gycemowa@mailinator.com",
        "groups": [
            [
                "Student"
            ]
        ],
        "user_permissions": []
    }
},
{
    "model": "student_management_app.customuser",
    "fields": {
        "password": "pbkdf2_sha256$260000$rtqUNtC7y7ZZrwOwYK9sde$BWRssrFp8RoS9e0DFnjkVMpIOO75njSFDU4LeE/B4bU=",
        "last_login": "2022-07-05T18:17:56.142Z",
        "is_superuser": false,
        "username": "teacher_pandey",
        "first_name": "",
        "last_name": "",
        "is_staff": false,
        "is_active": true,
        "date_joined": "2022-06-30T08:07:49.351Z",
        "full_name": "Teacher pandey",
        "user_type": [
            "Teacher"
        ],
        "email": "",
        "groups": [
            [
                "Teacher"
            ]
        ],
        "user_permissions": []
    }
},
{
    "model": "student_management_app.customuser",
    "fields": {
        "password": "pbkdf2_sha256$260000$PQpwQYxEO8Qqw2FQyQ687G$8H15xv1/0S4GszUsf2MCDJ+D6qJfm3xn14U8ugPgwZE=",
        "last_login": null,
        "is_superuser": false,
        "username": "pnigel178",
        "first_name": "",
        "last_name": "",
        "is_staff": false,
        "is_active": true,
        "date_joined": "2022-06-30T10:42:35.219Z",
        "full_name": "Zena Donovan",
        "user_type": [
            "Parent"
        ],
        "email": "",
        "groups": [
            [
                "Parent"
            ]
        ],
        "user_permissions": []
    }
},
{
    "model": "student_management_app.customuser",
    "fields": {
        "password": "pbkdf2_sha256$260000$gHl57nwQpk8NmCWLicYlmU$oJu76uKTTi5xkIqRizJ11FZX8ZDD52vxjrxo8NsN36Y=",
        "last_login": null,
        "is_superuser": false,
        "username": "nigel178",
        "first_name": "",
        "last_name": "",
        "is_staff": false,
        "is_active": true,
        "date_joined": "2022-06-30T10:42:36.279Z",
        "full_name": "Nigel Brennan",
        "user_type": [
            "Student"
        ],
        "email": "megugebur@mailinator.com",
        "groups": [
            [
                "Student"
            ]
        ],
        "user_permissions": []
    }
},
{
    "model": "student_management_app.customuser",
    "fields": {
        "password": "pbkdf2_sha256$260000$Qa0Ar8KTga3ZpEqhAHy1rn$1EsctMaSV21BuO4CcT7L/FjtSZyjAD7FJEbbh13igbQ=",
        "last_login": null,
        "is_superuser": false,
        "username": "placy2443",
        "first_name": "",
        "last_name": "",
        "is_staff": false,
        "is_active": true,
        "date_joined": "2022-07-01T03:00:12.068Z",
        "full_name": "Vladimir Frederick",
        "user_type": [
            "Parent"
        ],
        "email": "",
        "groups": [
            [
                "Parent"
            ]
        ],
        "user_permissions": []
    }
},
{
    "model": "student_management_app.customuser",
    "fields": {
        "password": "pbkdf2_sha256$260000$9aBWIdBLisrRqlOZyDEMZy$ZeGEWguVmbLLauaxEwhWFZ9+zqaEaHzdIi/0Rb9OpSA=",
        "last_login": null,
        "is_superuser": false,
        "username": "lacy2443",
        "first_name": "",
        "last_name": "",
        "is_staff": false,
        "is_active": true,
        "date_joined": "2022-07-01T03:00:12.437Z",
        "full_name": "Lacy Cook",
        "user_type": [
            "Student"
        ],
        "email": "vipaferu@mailinator.com",
        "groups": [
            [
                "Student"
            ]
        ],
        "user_permissions": []
    }
},
{
    "model": "student_management_app.customuser",
    "fields": {
        "password": "pbkdf2_sha256$260000$HjKN0XfK462FYjLlFEgO9k$xUbS+G8qOsOwW05vJjrX2spWiCGJrAFCrIoa/rAhTfQ=",
        "last_login": null,
        "is_superuser": false,
        "username": "plac1y24431",
        "first_name": "",
        "last_name": "",
        "is_staff": false,
        "is_active": true,
        "date_joined": "2022-07-01T03:00:49.861Z",
        "full_name": "Vladimir Frederick",
        "user_type": [
            "Parent"
        ],
        "email": "",
        "groups": [
            [
                "Parent"
            ]
        ],
        "user_permissions": []
    }
},
{
    "model": "student_management_app.customuser",
    "fields": {
        "password": "pbkdf2_sha256$260000$I2yQbM6n6Y4sT5ZsZZBDzL$EnjE2VxEyB1+lU8vP3BtaTI3egKlVQts+dHSsnqKKf8=",
        "last_login": null,
        "is_superuser": false,
        "username": "lac1y24431",
        "first_name": "",
        "last_name": "",
        "is_staff": false,
        "is_active": true,
        "date_joined": "2022-07-01T03:00:50.299Z",
        "full_name": "Lac1y Cook",
        "user_type": [
            "Student"
        ],
        "email": "vip1aferu@mailinator.com",
        "groups": [
            [
                "Student"
            ]
        ],
        "user_permissions": []
    }
},
{
    "model": "student_management_app.customuser",
    "fields": {
        "password": "pbkdf2_sha256$260000$t67Lk9lOxB0WP6xcp4lcRl$8VwUw28ILn9XoH1lzzrPqC7OG3Ctv3c5PVrSy55UeYA=",
        "last_login": null,
        "is_superuser": false,
        "username": "plac12y24432",
        "first_name": "",
        "last_name": "",
        "is_staff": false,
        "is_active": true,
        "date_joined": "2022-07-01T03:01:23.000Z",
        "full_name": "Vladimir Frederick",
        "user_type": [
            "Parent"
        ],
        "email": "",
        "groups": [
            [
                "Parent"
            ]
        ],
        "user_permissions": []
    }
},
{
    "model": "student_management_app.customuser",
    "fields": {
        "password": "pbkdf2_sha256$260000$rOwi2ulzphy8hbrSgusDPW$OH+LUnu92cu6fTfKT6ZG8Sp6wGpYmGyN/L86bDOe8Q4=",
        "last_login": null,
        "is_superuser": false,
        "username": "lac12y24432",
        "first_name": "",
        "last_name": "",
        "is_staff": false,
        "is_active": true,
        "date_joined": "2022-07-01T03:01:23.582Z",
        "full_name": "Lac12y Cook",
        "user_type": [
            "Student"
        ],
        "email": "vip12aferu@mailinator.com",
        "groups": [
            [
                "Student"
            ]
        ],
        "user_permissions": []
    }
},
{
    "model": "student_management_app.customuser",
    "fields": {
        "password": "pbkdf2_sha256$260000$WF3r2WQvganf2bL7GQS0OV$Kd0xXcARoYh+taAQK/lVjTRTAWuYGcyeTUEA2pjN37M=",
        "last_login": null,
        "is_superuser": false,
        "username": "plac123y24433",
        "first_name": "",
        "last_name": "",
        "is_staff": false,
        "is_active": true,
        "date_joined": "2022-07-01T03:01:59.588Z",
        "full_name": "Vladimir Frederick",
        "user_type": [
            "Parent"
        ],
        "email": "",
        "groups": [
            [
                "Parent"
            ]
        ],
        "user_permissions": []
    }
},
{
    "model": "student_management_app.customuser",
    "fields": {
        "password": "pbkdf2_sha256$260000$vtO3izjBdswF2GBzbuVzZx$IYa0DaBcMRcYlM/y+wLjwUxO+plsubJqEb8NBO5zHFA=",
        "last_login": null,
        "is_superuser": false,
        "username": "lac123y24433",
        "first_name": "",
        "last_name": "",
        "is_staff": false,
        "is_active": true,
        "date_joined": "2022-07-01T03:02:00.306Z",
        "full_name": "Lac123y Cook",
        "user_type": [
            "Student"
        ],
        "email": "vip132aferu@mailinator.com",
        "groups": [
            [
                "Student"
            ]
        ],
        "user_permissions": []
    }
},
{
    "model": "student_management_app.customuser",
    "fields": {
        "password": "pbkdf2_sha256$260000$vy4twKOxW0ACRMdFtQrJhP$TVkCtorXHU72nojPdv9RJ/XN0/vFHsuHvBxzUerD8k0=",
        "last_login": null,
        "is_superuser": false,
        "username": "plac123y244331",
        "first_name": "",
        "last_name": "",
        "is_staff": false,
        "is_active": true,
        "date_joined": "2022-07-01T03:02:16.799Z",
        "full_name": "Vladimir Frederick",
        "user_type": [
            "Parent"
        ],
        "email": "",
        "groups": [
            [
                "Parent"
            ]
        ],
        "user_permissions": []
    }
},
{
    "model": "student_management_app.customuser",
    "fields": {
        "password": "pbkdf2_sha256$260000$neeNXF2ZIeGmZdqA8RCMSf$FCKHJ73NAWI+rrNzwHXqvKRrHaCHmWN9OmT085MBAkU=",
        "last_login": null,
        "is_superuser": false,
        "username": "lac123y244331",
        "first_name": "",
        "last_name": "",
        "is_staff": false,
        "is_active": true,
        "date_joined": "2022-07-01T03:02:17.653Z",
        "full_name": "Lac123y C1ook",
        "user_type": [
            "Student"
        ],
        "email": "vip1132aferu@mailinator.com",
        "groups": [
            [
                "Student"
            ]
        ],
        "user_permissions": []
    }
},
{
    "model": "student_management_app.customuser",
    "fields": {
        "password": "pbkdf2_sha256$260000$1xeddPQKr0n7yKwPWxAJ4C$kQAQVPqg8I9FU5fdTYvP8lF24FYnWqCZt4o0fw9ZC4k=",
        "last_login": null,
        "is_superuser": false,
        "username": "plac123y24",
        "first_name": "",
        "last_name": "",
        "is_staff": false,
        "is_active": true,
        "date_joined": "2022-07-01T03:02:59.266Z",
        "full_name": "Vladimir Frederick",
        "user_type": [
            "Parent"
        ],
        "email": "",
        "groups": [
            [
                "Parent"
            ]
        ],
        "user_permissions": []
    }
},
{
    "model": "student_management_app.customuser",
    "fields": {
        "password": "pbkdf2_sha256$260000$y7xF5tuIZOVaP79bp8obVb$E7T6n2vODKdQl8mAtK4JVbR285/QHTUh8CVqEnBroI8=",
        "last_login": null,
        "is_superuser": false,
        "username": "lac123y24",
        "first_name": "",
        "last_name": "",
        "is_staff": false,
        "is_active": true,
        "date_joined": "2022-07-01T03:03:00.305Z",
        "full_name": "Lac123y C1ook",
        "user_type": [
            "Student"
        ],
        "email": "vip1132aferu@mailinator.com",
        "groups": [
            [
                "Student"
            ]
        ],
        "user_permissions": []
    }
},
{
    "model": "student_management_app.customuser",
    "fields": {
        "password": "pbkdf2_sha256$260000$iON01vBMpSMQL5ZygqzJKF$bW7LVG++qMIV/bzI6cKWybd6G6op1rcwL8RDyeuwVLY=",
        "last_login": null,
        "is_superuser": false,
        "username": "plac1123y241",
        "first_name": "",
        "last_name": "",
        "is_staff": false,
        "is_active": true,
        "date_joined": "2022-07-01T03:03:31.194Z",
        "full_name": "Vladimir Frederick",
        "user_type": [
            "Parent"
        ],
        "email": "",
        "groups": [
            [
                "Parent"
            ]
        ],
        "user_permissions": []
    }
},
{
    "model": "student_management_app.customuser",
    "fields": {
        "password": "pbkdf2_sha256$260000$KCPBOJ71SbRW0DalMunWOs$iKwXp3sDn2Hwj4BKmaw31KtUi7GHtzEyiE0F3jlDbSU=",
        "last_login": null,
        "is_superuser": false,
        "username": "lac1123y241",
        "first_name": "",
        "last_name": "",
        "is_staff": false,
        "is_active": true,
        "date_joined": "2022-07-01T03:03:32.333Z",
        "full_name": "Lac1123y C1ook",
        "user_type": [
            "Student"
        ],
        "email": "vip11132aferu@mailinator.com",
        "groups": [
            [
                "Student"
            ]
        ],
        "user_permissions": []
    }
},
{
    "model": "student_management_app.customuser",
    "fields": {
        "password": "pbkdf2_sha256$260000$zuQ9n7ZpJa96cRya42PMyp$70ErWleGj3DOFaBt/aNGpzEh0r0vpJNmec7eucVVE2U=",
        "last_login": null,
        "is_superuser": false,
        "username": "teacher2_pandey",
        "first_name": "",
        "last_name": "",
        "is_staff": false,
        "is_active": true,
        "date_joined": "2022-07-05T11:38:36.849Z",
        "full_name": "Teacher2 pandey",
        "user_type": [
            "Teacher"
        ],
        "email": "",
        "groups": [
            [
                "Teacher"
            ]
        ],
        "user_permissions": []
    }
},
{
    "model": "student_management_app.customuser",
    "fields": {
        "password": "pbkdf2_sha256$260000$SR0UJlM6revWkt67195m5H$8F9+v384yu5irWeEU3ub3nLPLFnnHDSa/C9yoUkrYUw=",
        "last_login": null,
        "is_superuser": false,
        "username": "teacher3_pandey",
        "first_name": "",
        "last_name": "",
        "is_staff": false,
        "is_active": true,
        "date_joined": "2022-07-05T11:40:41.168Z",
        "full_name": "Teacher3 pandey",
        "user_type": [
            "Teacher"
        ],
        "email": "",
        "groups": [
            [
                "Teacher"
            ]
        ],
        "user_permissions": []
    }
},
{
    "model": "student_management_app.customuser",
    "fields": {
        "password": "pbkdf2_sha256$260000$80M28T5qmzmVgKkbkZCILr$+LomU3AJdbbwbVk+IlpFnbcFI2UgTCQT6P11lRmiwqA=",
        "last_login": null,
        "is_superuser": false,
        "username": "teacher4_pandey",
        "first_name": "",
        "last_name": "",
        "is_staff": false,
        "is_active": true,
        "date_joined": "2022-07-05T11:40:53.748Z",
        "full_name": "Teacher4 pandey",
        "user_type": [
            "Teacher"
        ],
        "email": "",
        "groups": [
            [
                "Teacher"
            ]
        ],
        "user_permissions": []
    }
},
{
    "model": "student_management_app.coursecategory",
    "pk": 1,
    "fields": {
        "course_name": "School",
        "created_at": "2022-06-26T12:49:37.334Z",
        "updated_at": "2022-06-26T12:49:37.334Z"
    }
},
{
    "model": "student_management_app.coursecategory",
    "pk": 2,
    "fields": {
        "course_name": "Plus-Two",
        "created_at": "2022-06-26T12:49:37.336Z",
        "updated_at": "2022-06-26T12:49:37.336Z"
    }
},
{
    "model": "student_management_app.coursecategory",
    "pk": 3,
    "fields": {
        "course_name": "A-Level",
        "created_at": "2022-06-26T12:49:37.339Z",
        "updated_at": "2022-06-26T12:49:37.339Z"
    }
},
{
    "model": "student_management_app.coursecategory",
    "pk": 4,
    "fields": {
        "course_name": "Bachelor",
        "created_at": "2022-06-26T12:49:37.341Z",
        "updated_at": "2022-06-26T12:49:37.341Z"
    }
},
{
    "model": "student_management_app.coursecategory",
    "pk": 5,
    "fields": {
        "course_name": "Master",
        "created_at": "2022-06-26T12:49:37.343Z",
        "updated_at": "2022-06-26T12:49:37.343Z"
    }
},
{
    "model": "student_management_app.adminuser",
    "pk": 1,
    "fields": {
        "admin_user": [
            "superadmin"
        ],
        "course_category": 5,
        "dob": null,
        "gender": "Male",
        "religion": "",
        "contact": "",
        "address": "",
        "join_date": null,
        "image": "",
        "status": true,
        "created_at": "2022-06-26T12:50:09.078Z",
        "updated_at": "2022-06-26T12:50:09.347Z"
    }
},
{
    "model": "student_management_app.course",
    "pk": 1,
    "fields": {
        "course_category": 2,
        "course_name": "Humanity",
        "course_code": "",
        "department": null,
        "course_description": "",
        "created_at": "2022-06-26T16:44:53.225Z",
        "updated_at": "2022-06-26T16:44:53.225Z"
    }
},
{
    "model": "student_management_app.course",
    "pk": 2,
    "fields": {
        "course_category": 2,
        "course_name": "Hotel Management",
        "course_code": "",
        "department": null,
        "course_description": "",
        "created_at": "2022-06-26T16:45:00.240Z",
        "updated_at": "2022-06-26T16:45:00.240Z"
    }
},
{
    "model": "student_management_app.course",
    "pk": 3,
    "fields": {
        "course_category": 4,
        "course_name": "BICT",
        "course_code": "",
        "department": null,
        "course_description": "",
        "created_at": "2022-06-26T16:45:08.891Z",
        "updated_at": "2022-06-26T16:45:08.891Z"
    }
},
{
    "model": "student_management_app.course",
    "pk": 4,
    "fields": {
        "course_category": 4,
        "course_name": "BCA",
        "course_code": "",
        "department": null,
        "course_description": "",
        "created_at": "2022-06-26T16:45:16.688Z",
        "updated_at": "2022-06-26T16:45:16.688Z"
    }
},
{
    "model": "student_management_app.course",
    "pk": 5,
    "fields": {
        "course_category": 5,
        "course_name": "MBA",
        "course_code": "",
        "department": null,
        "course_description": "",
        "created_at": "2022-06-30T03:50:00.611Z",
        "updated_at": "2022-06-30T03:50:00.611Z"
    }
},
{
    "model": "student_management_app.staff",
    "pk": 1,
    "fields": {
        "staff_user": [
            "teacher_pandey"
        ],
        "dob": null,
        "gender": "Male",
        "religion": "",
        "department": null,
        "address": "Culpa veritatis dict",
        "contact": "9817273838",
        "join_date": null,
        "created_at": "2022-06-30T08:07:49.548Z",
        "updated_at": "2022-07-05T18:17:56.293Z",
        "image": "",
        "status": true,
        "courses": [
            1
        ]
    }
},
{
    "model": "student_management_app.staff",
    "pk": 2,
    "fields": {
        "staff_user": [
            "teacher2_pandey"
        ],
        "dob": null,
        "gender": "Male",
        "religion": "",
        "department": null,
        "address": "Culpa veritatis dict",
        "contact": "9817271838",
        "join_date": null,
        "created_at": "2022-07-05T11:38:37.133Z",
        "updated_at": "2022-07-05T11:39:20.972Z",
        "image": "",
        "status": true,
        "courses": [
            2
        ]
    }
},
{
    "model": "student_management_app.staff",
    "pk": 3,
    "fields": {
        "staff_user": [
            "teacher3_pandey"
        ],
        "dob": null,
        "gender": "Male",
        "religion": "",
        "department": null,
        "address": "Culpa veritatis dict",
        "contact": "9817273830",
        "join_date": null,
        "created_at": "2022-07-05T11:40:41.438Z",
        "updated_at": "2022-07-05T11:40:41.893Z",
        "image": "",
        "status": true,
        "courses": [
            4
        ]
    }
},
{
    "model": "student_management_app.staff",
    "pk": 4,
    "fields": {
        "staff_user": [
            "teacher4_pandey"
        ],
        "dob": null,
        "gender": "Male",
        "religion": "",
        "department": null,
        "address": "Culpa veritatis dict",
        "contact": "9817273834",
        "join_date": null,
        "created_at": "2022-07-05T11:40:54.017Z",
        "updated_at": "2022-07-05T11:40:54.604Z",
        "image": "",
        "status": true,
        "courses": [
            5
        ]
    }
},
{
    "model": "student_management_app.extrauser",
    "pk": 1,
    "fields": {
        "extra_user": [
            "admin"
        ],
        "role": null,
        "dob": null,
        "branch": null,
        "gender": "Male",
        "religion": "",
        "contact": "",
        "address": "",
        "join_date": null,
        "image": "",
        "status": true,
        "created_at": "2022-06-26T12:49:47.649Z",
        "updated_at": "2022-06-26T12:49:47.649Z"
    }
},
{
    "model": "student_management_app.semester",
    "pk": 1,
    "fields": {
        "course_category": 1,
        "course": null,
        "name": "Class Montessori",
        "semester_value": null,
        "description": "",
        "status": true
    }
},
{
    "model": "student_management_app.semester",
    "pk": 2,
    "fields": {
        "course_category": 1,
        "course": null,
        "name": "Class Nursery",
        "semester_value": null,
        "description": "",
        "status": true
    }
},
{
    "model": "student_management_app.semester",
    "pk": 3,
    "fields": {
        "course_category": 1,
        "course": null,
        "name": "Class LKG",
        "semester_value": null,
        "description": "",
        "status": true
    }
},
{
    "model": "student_management_app.semester",
    "pk": 4,
    "fields": {
        "course_category": 1,
        "course": null,
        "name": "Class UKG",
        "semester_value": null,
        "description": "",
        "status": true
    }
},
{
    "model": "student_management_app.semester",
    "pk": 5,
    "fields": {
        "course_category": 1,
        "course": null,
        "name": "Class One",
        "semester_value": null,
        "description": "",
        "status": true
    }
},
{
    "model": "student_management_app.semester",
    "pk": 6,
    "fields": {
        "course_category": 1,
        "course": null,
        "name": "Class Two",
        "semester_value": null,
        "description": "",
        "status": true
    }
},
{
    "model": "student_management_app.semester",
    "pk": 7,
    "fields": {
        "course_category": 1,
        "course": null,
        "name": "Class Three",
        "semester_value": null,
        "description": "",
        "status": true
    }
},
{
    "model": "student_management_app.semester",
    "pk": 8,
    "fields": {
        "course_category": 1,
        "course": null,
        "name": "Class Four",
        "semester_value": null,
        "description": "",
        "status": true
    }
},
{
    "model": "student_management_app.semester",
    "pk": 9,
    "fields": {
        "course_category": 1,
        "course": null,
        "name": "Class Five",
        "semester_value": null,
        "description": "",
        "status": true
    }
},
{
    "model": "student_management_app.semester",
    "pk": 10,
    "fields": {
        "course_category": 1,
        "course": null,
        "name": "Class Six",
        "semester_value": null,
        "description": "",
        "status": true
    }
},
{
    "model": "student_management_app.semester",
    "pk": 11,
    "fields": {
        "course_category": 1,
        "course": null,
        "name": "Class Seven",
        "semester_value": null,
        "description": "",
        "status": true
    }
},
{
    "model": "student_management_app.semester",
    "pk": 12,
    "fields": {
        "course_category": 1,
        "course": null,
        "name": "Class Eight",
        "semester_value": null,
        "description": "",
        "status": true
    }
},
{
    "model": "student_management_app.semester",
    "pk": 13,
    "fields": {
        "course_category": 1,
        "course": null,
        "name": "Class Nine",
        "semester_value": null,
        "description": "",
        "status": true
    }
},
{
    "model": "student_management_app.semester",
    "pk": 14,
    "fields": {
        "course_category": 1,
        "course": null,
        "name": "Class Ten",
        "semester_value": null,
        "description": "",
        "status": true
    }
},
{
    "model": "student_management_app.semester",
    "pk": 15,
    "fields": {
        "course_category": 2,
        "course": null,
        "name": "Eleven(2022)",
        "semester_value": null,
        "description": "",
        "status": true
    }
},
{
    "model": "student_management_app.semester",
    "pk": 16,
    "fields": {
        "course_category": 2,
        "course": null,
        "name": "Twelve(2022)",
        "semester_value": null,
        "description": "",
        "status": true
    }
},
{
    "model": "student_management_app.semester",
    "pk": 17,
    "fields": {
        "course_category": 4,
        "course": 3,
        "name": "First Semester",
        "semester_value": null,
        "description": "",
        "status": true
    }
},
{
    "model": "student_management_app.semester",
    "pk": 18,
    "fields": {
        "course_category": 5,
        "course": null,
        "name": "First Semester",
        "semester_value": null,
        "description": "",
        "status": true
    }
},
{
    "model": "student_management_app.semester",
    "pk": 19,
    "fields": {
        "course_category": 2,
        "course": 1,
        "name": "Eleven(H2022)",
        "semester_value": null,
        "description": "",
        "status": true
    }
},
{
    "model": "student_management_app.semester",
    "pk": 20,
    "fields": {
        "course_category": 4,
        "course": 4,
        "name": "bca_1st_semester",
        "semester_value": null,
        "description": "",
        "status": true
    }
},
{
    "model": "student_management_app.semester",
    "pk": 21,
    "fields": {
        "course_category": 5,
        "course": 5,
        "name": "First Semester",
        "semester_value": null,
        "description": "",
        "status": true
    }
},
{
    "model": "student_management_app.subject",
    "pk": 1,
    "fields": {
        "course_category": 4,
        "course": 3,
        "semester": 17,
        "faculty": "",
        "subject_name": "Bachelor 1st sub",
        "subject_code": null,
        "created_at": "2022-06-27T11:22:37.749Z",
        "updated_at": "2022-06-27T11:22:37.749Z"
    }
},
{
    "model": "student_management_app.subject",
    "pk": 2,
    "fields": {
        "course_category": 5,
        "course": null,
        "semester": 18,
        "faculty": "",
        "subject_name": "Master 1st sub",
        "subject_code": null,
        "created_at": "2022-06-27T11:22:47.319Z",
        "updated_at": "2022-06-27T11:22:47.319Z"
    }
},
{
    "model": "student_management_app.subject",
    "pk": 3,
    "fields": {
        "course_category": 4,
        "course": 4,
        "semester": 20,
        "faculty": "",
        "subject_name": "bca_subject1st",
        "subject_code": null,
        "created_at": "2022-06-30T06:19:57.837Z",
        "updated_at": "2022-06-30T06:19:57.837Z"
    }
},
{
    "model": "student_management_app.subject",
    "pk": 4,
    "fields": {
        "course_category": 1,
        "course": null,
        "semester": 1,
        "faculty": "",
        "subject_name": "mon_sub",
        "subject_code": null,
        "created_at": "2022-07-03T12:58:12.885Z",
        "updated_at": "2022-07-03T12:58:12.885Z"
    }
},
{
    "model": "student_management_app.subject",
    "pk": 5,
    "fields": {
        "course_category": 1,
        "course": null,
        "semester": 2,
        "faculty": "",
        "subject_name": "nur_sub",
        "subject_code": null,
        "created_at": "2022-07-03T14:22:48.520Z",
        "updated_at": "2022-07-03T14:22:48.520Z"
    }
},
{
    "model": "student_management_app.section",
    "pk": 1,
    "fields": {
        "course_category": 2,
        "course": null,
        "section_name": "A",
        "capacity": null,
        "semester": 15,
        "staff": null,
        "description": "",
        "created_at": "2022-06-26T12:51:11.276Z",
        "updated_at": "2022-06-26T12:51:11.276Z",
        "subject": []
    }
},
{
    "model": "student_management_app.section",
    "pk": 2,
    "fields": {
        "course_category": 1,
        "course": null,
        "section_name": "A",
        "capacity": null,
        "semester": 1,
        "staff": null,
        "description": "",
        "created_at": "2022-06-26T16:11:22.606Z",
        "updated_at": "2022-06-26T16:11:22.606Z",
        "subject": []
    }
},
{
    "model": "student_management_app.section",
    "pk": 3,
    "fields": {
        "course_category": 4,
        "course": null,
        "section_name": "A",
        "capacity": null,
        "semester": 17,
        "staff": null,
        "description": "",
        "created_at": "2022-06-27T11:19:15.841Z",
        "updated_at": "2022-06-27T11:19:15.841Z",
        "subject": []
    }
},
{
    "model": "student_management_app.section",
    "pk": 4,
    "fields": {
        "course_category": 5,
        "course": null,
        "section_name": "A",
        "capacity": null,
        "semester": 18,
        "staff": null,
        "description": "",
        "created_at": "2022-06-27T11:19:22.850Z",
        "updated_at": "2022-06-27T11:19:22.850Z",
        "subject": []
    }
},
{
    "model": "student_management_app.section",
    "pk": 5,
    "fields": {
        "course_category": 2,
        "course": null,
        "section_name": "Humanity-Eleven(A)",
        "capacity": null,
        "semester": 19,
        "staff": null,
        "description": "",
        "created_at": "2022-06-27T13:43:42.469Z",
        "updated_at": "2022-06-27T17:04:35.379Z",
        "subject": []
    }
},
{
    "model": "student_management_app.section",
    "pk": 6,
    "fields": {
        "course_category": 1,
        "course": null,
        "section_name": "C",
        "capacity": null,
        "semester": 1,
        "staff": null,
        "description": "",
        "created_at": "2022-06-27T16:58:43.569Z",
        "updated_at": "2022-06-27T16:58:43.569Z",
        "subject": []
    }
},
{
    "model": "student_management_app.subjectteacher",
    "pk": 7,
    "fields": {
        "subject": 4,
        "teacher": [
            "teacher_pandey"
        ],
        "semester": 1,
        "section": 2
    }
},
{
    "model": "student_management_app.subjectteacher",
    "pk": 8,
    "fields": {
        "subject": 5,
        "teacher": [
            "teacher_pandey"
        ],
        "semester": 1,
        "section": 2
    }
},
{
    "model": "student_management_app.subjectteacher",
    "pk": 9,
    "fields": {
        "subject": 2,
        "teacher": [
            "teacher4_pandey"
        ],
        "semester": 21,
        "section": null
    }
},
{
    "model": "student_management_app.parent",
    "pk": 1,
    "fields": {
        "home_phone": "+1 (735) 599-7193",
        "father_name": "Hashim Alexander",
        "father_phone": "+1 (523) 407-4478",
        "mother_name": "Aurora Levy",
        "mother_phone": "+1 (244) 419-7729",
        "local_guardian_name": "Ursa Burris",
        "local_guardian_phone": "+1 (712) 212-2987",
        "father_email": null,
        "father_profession": null,
        "father_office": null,
        "mother_profession": null,
        "mother_email": null,
        "mother_office": null,
        "address": null,
        "image": "",
        "status": true,
        "parent_user": [
            "pporter1"
        ],
        "created_at": "2022-06-26T12:52:10.672Z",
        "updated_at": "2022-06-26T12:52:11.394Z"
    }
},
{
    "model": "student_management_app.parent",
    "pk": 2,
    "fields": {
        "home_phone": "+1 (845) 404-2233",
        "father_name": "Justine Bolton",
        "father_phone": "+1 (172) 184-7524",
        "mother_name": "Chandler Weber",
        "mother_phone": "+1 (449) 118-6595",
        "local_guardian_name": "Stewart Newman",
        "local_guardian_phone": "+1 (939) 685-3403",
        "father_email": null,
        "father_profession": null,
        "father_office": null,
        "mother_profession": null,
        "mother_email": null,
        "mother_office": null,
        "address": null,
        "image": "",
        "status": true,
        "parent_user": [
            "pkelly2"
        ],
        "created_at": "2022-06-26T12:55:42.798Z",
        "updated_at": "2022-06-27T04:38:18.856Z"
    }
},
{
    "model": "student_management_app.parent",
    "pk": 3,
    "fields": {
        "home_phone": "+1 (873) 907-8285",
        "father_name": "Wylie Terry",
        "father_phone": "+1 (163) 983-8481",
        "mother_name": "Ashton Glenn",
        "mother_phone": "+1 (822) 889-6584",
        "local_guardian_name": "Martina Mathis",
        "local_guardian_phone": "+1 (811) 529-1349",
        "father_email": null,
        "father_profession": null,
        "father_office": null,
        "mother_profession": null,
        "mother_email": null,
        "mother_office": null,
        "address": null,
        "image": "",
        "status": true,
        "parent_user": [
            "palexander3"
        ],
        "created_at": "2022-06-26T13:01:51.002Z",
        "updated_at": "2022-06-26T13:01:51.780Z"
    }
},
{
    "model": "student_management_app.parent",
    "pk": 4,
    "fields": {
        "home_phone": "+1 (472) 611-4044",
        "father_name": "Kylynn Klein",
        "father_phone": "+1 (302) 994-3264",
        "mother_name": "Calista Fleming",
        "mother_phone": "+1 (954) 744-1368",
        "local_guardian_name": "Jordan Benton",
        "local_guardian_phone": "+1 (798) 776-7366",
        "father_email": null,
        "father_profession": null,
        "father_office": null,
        "mother_profession": null,
        "mother_email": null,
        "mother_office": null,
        "address": null,
        "image": "",
        "status": true,
        "parent_user": [
            "plara5"
        ],
        "created_at": "2022-06-26T17:17:31.901Z",
        "updated_at": "2022-06-27T05:38:01.719Z"
    }
},
{
    "model": "student_management_app.parent",
    "pk": 5,
    "fields": {
        "home_phone": "+1 (458) 236-2878",
        "father_name": "Keiko Bruce",
        "father_phone": "+1 (413) 608-1842",
        "mother_name": "Madeline Hendricks",
        "mother_phone": "+1 (284) 804-2251",
        "local_guardian_name": "Arsenio Horn",
        "local_guardian_phone": "+1 (889) 693-2935",
        "father_email": null,
        "father_profession": null,
        "father_office": null,
        "mother_profession": null,
        "mother_email": null,
        "mother_office": null,
        "address": null,
        "image": "",
        "status": true,
        "parent_user": [
            "phall6"
        ],
        "created_at": "2022-06-27T04:14:05.046Z",
        "updated_at": "2022-06-27T04:14:05.665Z"
    }
},
{
    "model": "student_management_app.parent",
    "pk": 6,
    "fields": {
        "home_phone": "+1 (541) 459-7806",
        "father_name": "Chastity Campos",
        "father_phone": "+1 (674) 336-1279",
        "mother_name": "Nasim Mcleod",
        "mother_phone": "+1 (623) 476-6972",
        "local_guardian_name": "Tallulah Mccray",
        "local_guardian_phone": "+1 (237) 534-6365",
        "father_email": null,
        "father_profession": null,
        "father_office": null,
        "mother_profession": null,
        "mother_email": null,
        "mother_office": null,
        "address": null,
        "image": "",
        "status": true,
        "parent_user": [
            "plareina7"
        ],
        "created_at": "2022-06-27T11:20:16.477Z",
        "updated_at": "2022-06-27T11:20:16.996Z"
    }
},
{
    "model": "student_management_app.parent",
    "pk": 7,
    "fields": {
        "home_phone": "+1 (372) 866-9208",
        "father_name": "Shelly Galloway",
        "father_phone": "+1 (213) 626-6409",
        "mother_name": "Jada Nolan",
        "mother_phone": "+1 (685) 602-7701",
        "local_guardian_name": "Karleigh Cote",
        "local_guardian_phone": "+1 (647) 813-3434",
        "father_email": null,
        "father_profession": null,
        "father_office": null,
        "mother_profession": null,
        "mother_email": null,
        "mother_office": null,
        "address": null,
        "image": "",
        "status": true,
        "parent_user": [
            "pgwendolyn9"
        ],
        "created_at": "2022-06-27T11:20:43.153Z",
        "updated_at": "2022-06-27T11:20:43.722Z"
    }
},
{
    "model": "student_management_app.parent",
    "pk": 8,
    "fields": {
        "home_phone": "",
        "father_name": "",
        "father_phone": "",
        "mother_name": "",
        "mother_phone": "",
        "local_guardian_name": "",
        "local_guardian_phone": "",
        "father_email": null,
        "father_profession": null,
        "father_office": null,
        "mother_profession": null,
        "mother_email": null,
        "mother_office": null,
        "address": null,
        "image": "",
        "status": true,
        "parent_user": [
            "psadskadjks10"
        ],
        "created_at": "2022-06-27T11:40:42.482Z",
        "updated_at": "2022-06-27T11:40:43.820Z"
    }
},
{
    "model": "student_management_app.parent",
    "pk": 9,
    "fields": {
        "home_phone": "+1 (987) 968-4164",
        "father_name": "Rae Whitfield",
        "father_phone": "+1 (507) 336-9374",
        "mother_name": "Cassandra Hicks",
        "mother_phone": "+1 (381) 496-7821",
        "local_guardian_name": "Petra Walton",
        "local_guardian_phone": "+1 (801) 427-6317",
        "father_email": null,
        "father_profession": null,
        "father_office": null,
        "mother_profession": null,
        "mother_email": null,
        "mother_office": null,
        "address": null,
        "image": "",
        "status": true,
        "parent_user": [
            "pilliana12"
        ],
        "created_at": "2022-06-27T12:12:43.003Z",
        "updated_at": "2022-06-27T12:12:43.181Z"
    }
},
{
    "model": "student_management_app.parent",
    "pk": 10,
    "fields": {
        "home_phone": "+1 (831) 878-2312",
        "father_name": "Jaime Mckinney",
        "father_phone": "+1 (904) 857-2771",
        "mother_name": "Tatyana Mcbride",
        "mother_phone": "+1 (954) 935-4936",
        "local_guardian_name": "Ignatius Patterson",
        "local_guardian_phone": "+1 (431) 268-2957",
        "father_email": null,
        "father_profession": null,
        "father_office": null,
        "mother_profession": null,
        "mother_email": null,
        "mother_office": null,
        "address": null,
        "image": "",
        "status": true,
        "parent_user": [
            "pmason15"
        ],
        "created_at": "2022-06-27T12:17:23.612Z",
        "updated_at": "2022-06-27T12:17:23.863Z"
    }
},
{
    "model": "student_management_app.parent",
    "pk": 11,
    "fields": {
        "home_phone": "+1 (602) 442-6357",
        "father_name": "Keane Walton",
        "father_phone": "+1 (775) 574-2966",
        "mother_name": "Amy Graham",
        "mother_phone": "+1 (553) 687-6818",
        "local_guardian_name": "Rhiannon Henderson",
        "local_guardian_phone": "+1 (625) 435-1227",
        "father_email": null,
        "father_profession": null,
        "father_office": null,
        "mother_profession": null,
        "mother_email": null,
        "mother_office": null,
        "address": null,
        "image": "",
        "status": true,
        "parent_user": [
            "padena11111"
        ],
        "created_at": "2022-06-27T12:22:37.999Z",
        "updated_at": "2022-07-05T15:26:27.516Z"
    }
},
{
    "model": "student_management_app.parent",
    "pk": 12,
    "fields": {
        "home_phone": "+1 (351) 841-3206",
        "father_name": "Uriah Hart",
        "father_phone": "+1 (728) 104-3563",
        "mother_name": "Kathleen Stout",
        "mother_phone": "+1 (817) 485-4556",
        "local_guardian_name": "Octavia Matthews",
        "local_guardian_phone": "+1 (783) 558-5373",
        "father_email": null,
        "father_profession": null,
        "father_office": null,
        "mother_profession": null,
        "mother_email": null,
        "mother_office": null,
        "address": null,
        "image": "",
        "status": true,
        "parent_user": [
            "pross111112"
        ],
        "created_at": "2022-06-27T12:23:12.319Z",
        "updated_at": "2022-06-27T12:23:12.524Z"
    }
},
{
    "model": "student_management_app.parent",
    "pk": 13,
    "fields": {
        "home_phone": "+1 (437) 586-8447",
        "father_name": "Fletcher Whitaker",
        "father_phone": "+1 (944) 181-8187",
        "mother_name": "Damian Grimes",
        "mother_phone": "+1 (285) 498-1816",
        "local_guardian_name": "Kerry Mills",
        "local_guardian_phone": "+1 (251) 931-8893",
        "father_email": null,
        "father_profession": null,
        "father_office": null,
        "mother_profession": null,
        "mother_email": null,
        "mother_office": null,
        "address": null,
        "image": "",
        "status": true,
        "parent_user": [
            "peleanor1122112"
        ],
        "created_at": "2022-06-27T12:41:10.872Z",
        "updated_at": "2022-06-27T12:41:11.044Z"
    }
},
{
    "model": "student_management_app.parent",
    "pk": 14,
    "fields": {
        "home_phone": "+1 (937) 953-7416",
        "father_name": "Zena Donovan",
        "father_phone": "+1 (944) 156-9731",
        "mother_name": "Brenna Oconnor",
        "mother_phone": "+1 (999) 203-9396",
        "local_guardian_name": "Madeline Cotton",
        "local_guardian_phone": "+1 (326) 916-4263",
        "father_email": null,
        "father_profession": null,
        "father_office": null,
        "mother_profession": null,
        "mother_email": null,
        "mother_office": null,
        "address": null,
        "image": "",
        "status": true,
        "parent_user": [
            "pnigel178"
        ],
        "created_at": "2022-06-30T10:42:35.760Z",
        "updated_at": "2022-06-30T10:42:36.246Z"
    }
},
{
    "model": "student_management_app.parent",
    "pk": 15,
    "fields": {
        "home_phone": "+1 (541) 614-9363",
        "father_name": "Vladimir Frederick",
        "father_phone": "+1 (549) 384-1166",
        "mother_name": "Phelan Craft",
        "mother_phone": "+1 (452) 158-6344",
        "local_guardian_name": "Acton Alexander",
        "local_guardian_phone": "+1 (106) 674-2554",
        "father_email": null,
        "father_profession": null,
        "father_office": null,
        "mother_profession": null,
        "mother_email": null,
        "mother_office": null,
        "address": null,
        "image": "",
        "status": true,
        "parent_user": [
            "placy2443"
        ],
        "created_at": "2022-07-01T03:00:12.228Z",
        "updated_at": "2022-07-01T03:00:12.414Z"
    }
},
{
    "model": "student_management_app.parent",
    "pk": 16,
    "fields": {
        "home_phone": "+1 (541) 614-9363",
        "father_name": "Vladimir Frederick",
        "father_phone": "+1 (549) 384-1166",
        "mother_name": "Phelan Craft",
        "mother_phone": "+1 (452) 158-6344",
        "local_guardian_name": "Acton Alexander",
        "local_guardian_phone": "+1 (106) 674-2554",
        "father_email": null,
        "father_profession": null,
        "father_office": null,
        "mother_profession": null,
        "mother_email": null,
        "mother_office": null,
        "address": null,
        "image": "",
        "status": true,
        "parent_user": [
            "plac1y24431"
        ],
        "created_at": "2022-07-01T03:00:50.016Z",
        "updated_at": "2022-07-01T03:00:50.259Z"
    }
},
{
    "model": "student_management_app.parent",
    "pk": 17,
    "fields": {
        "home_phone": "+1 (541) 614-9363",
        "father_name": "Vladimir Frederick",
        "father_phone": "+1 (549) 384-1166",
        "mother_name": "Phelan Craft",
        "mother_phone": "+1 (452) 158-6344",
        "local_guardian_name": "Acton Alexander",
        "local_guardian_phone": "+1 (106) 674-2554",
        "father_email": null,
        "father_profession": null,
        "father_office": null,
        "mother_profession": null,
        "mother_email": null,
        "mother_office": null,
        "address": null,
        "image": "",
        "status": true,
        "parent_user": [
            "plac12y24432"
        ],
        "created_at": "2022-07-01T03:01:23.170Z",
        "updated_at": "2022-07-01T03:01:23.518Z"
    }
},
{
    "model": "student_management_app.parent",
    "pk": 18,
    "fields": {
        "home_phone": "+1 (541) 614-9363",
        "father_name": "Vladimir Frederick",
        "father_phone": "+1 (549) 384-1166",
        "mother_name": "Phelan Craft",
        "mother_phone": "+1 (452) 158-6344",
        "local_guardian_name": "Acton Alexander",
        "local_guardian_phone": "+1 (106) 674-2554",
        "father_email": null,
        "father_profession": null,
        "father_office": null,
        "mother_profession": null,
        "mother_email": null,
        "mother_office": null,
        "address": null,
        "image": "",
        "status": true,
        "parent_user": [
            "plac123y24433"
        ],
        "created_at": "2022-07-01T03:01:59.748Z",
        "updated_at": "2022-07-01T03:02:00.229Z"
    }
},
{
    "model": "student_management_app.parent",
    "pk": 19,
    "fields": {
        "home_phone": "+1 (541) 614-9363",
        "father_name": "Vladimir Frederick",
        "father_phone": "+1 (549) 384-1166",
        "mother_name": "Phelan Craft",
        "mother_phone": "+1 (452) 158-6344",
        "local_guardian_name": "Acton Alexander",
        "local_guardian_phone": "+1 (106) 674-2554",
        "father_email": null,
        "father_profession": null,
        "father_office": null,
        "mother_profession": null,
        "mother_email": null,
        "mother_office": null,
        "address": null,
        "image": "",
        "status": true,
        "parent_user": [
            "plac123y244331"
        ],
        "created_at": "2022-07-01T03:02:16.969Z",
        "updated_at": "2022-07-01T03:02:17.551Z"
    }
},
{
    "model": "student_management_app.parent",
    "pk": 20,
    "fields": {
        "home_phone": "+1 (541) 614-9363",
        "father_name": "Vladimir Frederick",
        "father_phone": "+1 (549) 384-1166",
        "mother_name": "Phelan Craft",
        "mother_phone": "+1 (452) 158-6344",
        "local_guardian_name": "Acton Alexander",
        "local_guardian_phone": "+1 (106) 674-2554",
        "father_email": null,
        "father_profession": null,
        "father_office": null,
        "mother_profession": null,
        "mother_email": null,
        "mother_office": null,
        "address": null,
        "image": "",
        "status": true,
        "parent_user": [
            "plac123y24"
        ],
        "created_at": "2022-07-01T03:02:59.441Z",
        "updated_at": "2022-07-01T03:03:00.167Z"
    }
},
{
    "model": "student_management_app.parent",
    "pk": 21,
    "fields": {
        "home_phone": "+1 (541) 614-9363",
        "father_name": "Vladimir Frederick",
        "father_phone": "+1 (549) 384-1166",
        "mother_name": "Phelan Craft",
        "mother_phone": "+1 (452) 158-6344",
        "local_guardian_name": "Acton Alexander",
        "local_guardian_phone": "+1 (106) 674-2554",
        "father_email": null,
        "father_profession": null,
        "father_office": null,
        "mother_profession": null,
        "mother_email": null,
        "mother_office": null,
        "address": null,
        "image": "",
        "status": true,
        "parent_user": [
            "plac1123y241"
        ],
        "created_at": "2022-07-01T03:03:31.363Z",
        "updated_at": "2022-07-01T03:03:32.174Z"
    }
},
{
    "model": "student_management_app.student",
    "pk": 2,
    "fields": {
        "join_year": "1999",
        "stu_id": "2",
        "roll_no": "2",
        "student_user": [
            "kelly2"
        ],
        "gender": "Female",
        "shift": "Morning",
        "section": 2,
        "course": null,
        "faculty": null,
        "course_category": 1,
        "program": "At sit optio id non incidunt saepe laborum",
        "status": "Running",
        "contact": "Architecto odio rem",
        "guardian": 2,
        "permanent_address": "Aut id facilis volup",
        "temporary_address": "Ipsam possimus reru",
        "dob": "2012-09-10",
        "blood_group": "",
        "optional_subject": null,
        "gpa": "Incididunt delectus enim ullam sed sunt excepteur",
        "previous_school_name": "Sylvester Wilson",
        "semester": 1,
        "image": "",
        "barcode": "student_barcodes/Kelly_Hicks_KbhBRye.png",
        "transport": null,
        "subject": null,
        "register_no": null,
        "religion": null,
        "remarks": null,
        "extra_curricular_activities": "",
        "group": null,
        "state": null,
        "country": null,
        "created_at": "2022-06-26T12:55:44.368Z",
        "updated_at": "2022-06-27T05:35:32.264Z"
    }
},
{
    "model": "student_management_app.student",
    "pk": 4,
    "fields": {
        "join_year": "2000",
        "stu_id": "5",
        "roll_no": "5",
        "student_user": [
            "lara5"
        ],
        "gender": "Male",
        "shift": "Morning",
        "section": 1,
        "course": null,
        "faculty": null,
        "course_category": 2,
        "program": null,
        "status": "Running",
        "contact": "Nisi nisi modi vitae",
        "guardian": 4,
        "permanent_address": "Consequatur anim iur",
        "temporary_address": "Sint est nostrum qua",
        "dob": "2008-10-07",
        "blood_group": "",
        "optional_subject": null,
        "gpa": "Veritatis cupiditate pariatur At nihil hic facere",
        "previous_school_name": "Ryan Anthony",
        "semester": 15,
        "image": "",
        "barcode": "student_barcodes/Lara_Vincent_3NMf7lP.png",
        "transport": null,
        "subject": null,
        "register_no": null,
        "religion": null,
        "remarks": null,
        "extra_curricular_activities": "",
        "group": null,
        "state": null,
        "country": null,
        "created_at": "2022-06-26T17:17:32.531Z",
        "updated_at": "2022-06-27T05:38:01.540Z"
    }
},
{
    "model": "student_management_app.student",
    "pk": 5,
    "fields": {
        "join_year": "1980",
        "stu_id": "6",
        "roll_no": "6",
        "student_user": [
            "hall6"
        ],
        "gender": "Male",
        "shift": "Morning",
        "section": 2,
        "course": null,
        "faculty": null,
        "course_category": 1,
        "program": null,
        "status": "In Active",
        "contact": "Id vel debitis exer",
        "guardian": 5,
        "permanent_address": "Dolore ea quibusdam",
        "temporary_address": "Cum autem sed elit",
        "dob": "2003-03-08",
        "blood_group": "",
        "optional_subject": null,
        "gpa": "Numquam numquam sunt",
        "previous_school_name": "Austin Taylor",
        "semester": 1,
        "image": "student_images/Screenshot_from_2022-06-06_14-28-33.png",
        "barcode": "student_barcodes/Hall_Finley_RdFy5yL.png",
        "transport": null,
        "subject": null,
        "register_no": null,
        "religion": null,
        "remarks": null,
        "extra_curricular_activities": "",
        "group": null,
        "state": null,
        "country": null,
        "created_at": "2022-06-27T04:14:06.368Z",
        "updated_at": "2022-06-27T05:11:57.448Z"
    }
},
{
    "model": "student_management_app.student",
    "pk": 6,
    "fields": {
        "join_year": "1995",
        "stu_id": "7",
        "roll_no": "7",
        "student_user": [
            "lareina7"
        ],
        "gender": "Female",
        "shift": "Day",
        "section": 3,
        "course": null,
        "faculty": null,
        "course_category": 4,
        "program": null,
        "status": "In Active",
        "contact": "Nam earum labore vol",
        "guardian": 6,
        "permanent_address": "Ipsum vel pariatur",
        "temporary_address": "Molestiae suscipit u",
        "dob": "2015-09-21",
        "blood_group": "",
        "optional_subject": null,
        "gpa": "Minim dolores magni",
        "previous_school_name": "Regina Shields",
        "semester": 17,
        "image": "",
        "barcode": "student_barcodes/Lareina_Odonnell.png",
        "transport": null,
        "subject": null,
        "register_no": null,
        "religion": null,
        "remarks": null,
        "extra_curricular_activities": "",
        "group": null,
        "state": null,
        "country": null,
        "created_at": "2022-06-27T11:20:18.064Z",
        "updated_at": "2022-06-27T11:20:18.064Z"
    }
},
{
    "model": "student_management_app.student",
    "pk": 7,
    "fields": {
        "join_year": "2019",
        "stu_id": "9",
        "roll_no": "9",
        "student_user": [
            "gwendolyn9"
        ],
        "gender": "Male",
        "shift": "Day",
        "section": 4,
        "course": null,
        "faculty": null,
        "course_category": 5,
        "program": null,
        "status": "In Active",
        "contact": "Harum voluptatem qu",
        "guardian": 7,
        "permanent_address": "Sed placeat quis si",
        "temporary_address": "Expedita ipsum perf",
        "dob": "1978-05-27",
        "blood_group": "",
        "optional_subject": null,
        "gpa": "Suscipit nihil adipi",
        "previous_school_name": "Erin Cooke",
        "semester": 18,
        "image": "",
        "barcode": "student_barcodes/Gwendolyn_Tate.png",
        "transport": null,
        "subject": null,
        "register_no": null,
        "religion": null,
        "remarks": null,
        "extra_curricular_activities": "",
        "group": null,
        "state": null,
        "country": null,
        "created_at": "2022-06-27T11:20:44.649Z",
        "updated_at": "2022-06-27T11:20:44.649Z"
    }
},
{
    "model": "student_management_app.student",
    "pk": 8,
    "fields": {
        "join_year": "2022",
        "stu_id": "10",
        "roll_no": "10",
        "student_user": [
            "sadskadjks10"
        ],
        "gender": "Male",
        "shift": "Morning",
        "section": 1,
        "course": null,
        "faculty": null,
        "course_category": 2,
        "program": null,
        "status": "Running",
        "contact": "323289298982",
        "guardian": 8,
        "permanent_address": "",
        "temporary_address": "",
        "dob": "2022-06-29",
        "blood_group": "",
        "optional_subject": null,
        "gpa": "",
        "previous_school_name": "",
        "semester": 15,
        "image": "",
        "barcode": "student_barcodes/sadskadjks.png",
        "transport": null,
        "subject": null,
        "register_no": null,
        "religion": null,
        "remarks": null,
        "extra_curricular_activities": "",
        "group": null,
        "state": null,
        "country": null,
        "created_at": "2022-06-27T11:40:44.952Z",
        "updated_at": "2022-06-27T11:40:44.952Z"
    }
},
{
    "model": "student_management_app.student",
    "pk": 9,
    "fields": {
        "join_year": "1990",
        "stu_id": "12",
        "roll_no": "12",
        "student_user": [
            "illiana12"
        ],
        "gender": "Female",
        "shift": "Morning",
        "section": 3,
        "course": null,
        "faculty": null,
        "course_category": 4,
        "program": null,
        "status": "In Active",
        "contact": "Natus non reprehende",
        "guardian": 9,
        "permanent_address": "Et dolores aut illum",
        "temporary_address": "Autem pariatur Mole",
        "dob": "1990-03-22",
        "blood_group": "B-",
        "optional_subject": null,
        "gpa": "Elit eveniet repud",
        "previous_school_name": "Matthew Moran",
        "semester": 17,
        "image": "",
        "barcode": "student_barcodes/Illiana_Francis.png",
        "transport": null,
        "subject": null,
        "register_no": null,
        "religion": null,
        "remarks": null,
        "extra_curricular_activities": "",
        "group": null,
        "state": null,
        "country": null,
        "created_at": "2022-06-27T12:12:43.588Z",
        "updated_at": "2022-06-27T12:12:43.588Z"
    }
},
{
    "model": "student_management_app.student",
    "pk": 10,
    "fields": {
        "join_year": "2011",
        "stu_id": "15",
        "roll_no": "15",
        "student_user": [
            "mason15"
        ],
        "gender": "Male",
        "shift": "Morning",
        "section": 3,
        "course": null,
        "faculty": null,
        "course_category": 4,
        "program": null,
        "status": "Running",
        "contact": "Amet et et voluptat",
        "guardian": 10,
        "permanent_address": "Qui quia tempore re",
        "temporary_address": "Asperiores animi es",
        "dob": "1992-01-03",
        "blood_group": "",
        "optional_subject": null,
        "gpa": "Consequat Quis labo",
        "previous_school_name": "Lyle Pittman",
        "semester": 17,
        "image": "",
        "barcode": "student_barcodes/Mason_Noel.png",
        "transport": null,
        "subject": null,
        "register_no": null,
        "religion": null,
        "remarks": null,
        "extra_curricular_activities": "",
        "group": null,
        "state": null,
        "country": null,
        "created_at": "2022-06-27T12:17:24.535Z",
        "updated_at": "2022-06-27T12:17:24.535Z"
    }
},
{
    "model": "student_management_app.student",
    "pk": 11,
    "fields": {
        "join_year": "1970",
        "stu_id": "11111",
        "roll_no": "11111",
        "student_user": [
            "adena11111"
        ],
        "gender": "Others",
        "shift": "Morning",
        "section": 3,
        "course": 3,
        "faculty": null,
        "course_category": 4,
        "program": null,
        "status": "In Active",
        "contact": "Dolor et fugit beat",
        "guardian": 11,
        "permanent_address": "Aut itaque in debiti",
        "temporary_address": "Inventore sint qui m",
        "dob": "2021-05-26",
        "blood_group": "B-",
        "optional_subject": null,
        "gpa": "Sit est quo veniam",
        "previous_school_name": "Evan Garrett",
        "semester": 17,
        "image": "student_images/nirmal.jpg",
        "barcode": "student_barcodes/Adena_Lindsey_8Uz5c6T.png",
        "transport": null,
        "subject": null,
        "register_no": null,
        "religion": null,
        "remarks": null,
        "extra_curricular_activities": "",
        "group": null,
        "state": null,
        "country": null,
        "created_at": "2022-06-27T12:22:38.674Z",
        "updated_at": "2022-07-05T15:26:27.395Z"
    }
},
{
    "model": "student_management_app.student",
    "pk": 12,
    "fields": {
        "join_year": "2013",
        "stu_id": "111112",
        "roll_no": "111112",
        "student_user": [
            "ross111112"
        ],
        "gender": "Female",
        "shift": "Morning",
        "section": 4,
        "course": null,
        "faculty": null,
        "course_category": 5,
        "program": null,
        "status": "Running",
        "contact": "Odit nisi porro labo",
        "guardian": 12,
        "permanent_address": "Unde aliqua Aut dol",
        "temporary_address": "Cum ea vero irure eo",
        "dob": "2001-04-23",
        "blood_group": "AB-",
        "optional_subject": null,
        "gpa": "Quis numquam corrupt",
        "previous_school_name": "Yoshi Carey",
        "semester": 18,
        "image": "",
        "barcode": "student_barcodes/Ross_Contreras.png",
        "transport": null,
        "subject": null,
        "register_no": null,
        "religion": null,
        "remarks": null,
        "extra_curricular_activities": "",
        "group": null,
        "state": null,
        "country": null,
        "created_at": "2022-06-27T12:23:12.988Z",
        "updated_at": "2022-06-27T12:23:12.988Z"
    }
},
{
    "model": "student_management_app.student",
    "pk": 13,
    "fields": {
        "join_year": "2010",
        "stu_id": "1122112",
        "roll_no": "121221",
        "student_user": [
            "eleanor1122112"
        ],
        "gender": "Others",
        "shift": "Day",
        "section": 3,
        "course": 3,
        "faculty": null,
        "course_category": 4,
        "program": null,
        "status": "In Active",
        "contact": "Consequuntur incidun",
        "guardian": 13,
        "permanent_address": "Hic ullamco ex proid",
        "temporary_address": "Omnis possimus dolo",
        "dob": "2007-06-21",
        "blood_group": "B+",
        "optional_subject": null,
        "gpa": "Quibusdam nobis ab v",
        "previous_school_name": "Orlando Downs",
        "semester": 17,
        "image": "",
        "barcode": "student_barcodes/Eleanor_Carroll.png",
        "transport": null,
        "subject": null,
        "register_no": null,
        "religion": null,
        "remarks": null,
        "extra_curricular_activities": "",
        "group": null,
        "state": null,
        "country": null,
        "created_at": "2022-06-27T12:41:11.759Z",
        "updated_at": "2022-06-27T12:41:11.759Z"
    }
},
{
    "model": "student_management_app.student",
    "pk": 14,
    "fields": {
        "join_year": "1996",
        "stu_id": "178",
        "roll_no": "178",
        "student_user": [
            "nigel178"
        ],
        "gender": "Female",
        "shift": "Day",
        "section": null,
        "course": 4,
        "faculty": null,
        "course_category": 4,
        "program": null,
        "status": "Running",
        "contact": "Ipsa adipisci conse",
        "guardian": 14,
        "permanent_address": "Voluptas lorem Nam p",
        "temporary_address": "Qui facere delectus",
        "dob": "2006-08-19",
        "blood_group": "B+",
        "optional_subject": null,
        "gpa": "Eum quam culpa a nob",
        "previous_school_name": "Barbara Kirk",
        "semester": 20,
        "image": "",
        "barcode": "student_barcodes/Nigel_Brennan.png",
        "transport": null,
        "subject": null,
        "register_no": null,
        "religion": null,
        "remarks": null,
        "extra_curricular_activities": "",
        "group": null,
        "state": null,
        "country": null,
        "created_at": "2022-06-30T10:42:36.942Z",
        "updated_at": "2022-06-30T10:42:36.942Z"
    }
},
{
    "model": "student_management_app.student",
    "pk": 15,
    "fields": {
        "join_year": "1985",
        "stu_id": "2443",
        "roll_no": "5456",
        "student_user": [
            "lacy2443"
        ],
        "gender": "Female",
        "shift": "Morning",
        "section": null,
        "course": null,
        "faculty": null,
        "course_category": 1,
        "program": null,
        "status": "Running",
        "contact": "Consequat Maiores q",
        "guardian": 15,
        "permanent_address": "Ipsum quis eiusmod a",
        "temporary_address": "In eos veniam esse",
        "dob": "2018-01-12",
        "blood_group": "B+",
        "optional_subject": null,
        "gpa": "Nostrum saepe necess",
        "previous_school_name": "Kaden Foley",
        "semester": 11,
        "image": "",
        "barcode": "student_barcodes/Lacy_Cook.png",
        "transport": null,
        "subject": null,
        "register_no": null,
        "religion": null,
        "remarks": null,
        "extra_curricular_activities": "",
        "group": null,
        "state": null,
        "country": null,
        "created_at": "2022-07-01T03:00:12.874Z",
        "updated_at": "2022-07-01T03:00:12.874Z"
    }
},
{
    "model": "student_management_app.student",
    "pk": 16,
    "fields": {
        "join_year": "1985",
        "stu_id": "24431",
        "roll_no": "54561",
        "student_user": [
            "lac1y24431"
        ],
        "gender": "Female",
        "shift": "Morning",
        "section": null,
        "course": null,
        "faculty": null,
        "course_category": 1,
        "program": null,
        "status": "Running",
        "contact": "Consequat Maiores q",
        "guardian": 16,
        "permanent_address": "Ipsum quis eiusmod a",
        "temporary_address": "In eos veniam esse",
        "dob": "2018-01-12",
        "blood_group": "B+",
        "optional_subject": null,
        "gpa": "Nostrum saepe necess",
        "previous_school_name": "Kaden Foley",
        "semester": 11,
        "image": "",
        "barcode": "student_barcodes/Lac1y_Cook.png",
        "transport": null,
        "subject": null,
        "register_no": null,
        "religion": null,
        "remarks": null,
        "extra_curricular_activities": "",
        "group": null,
        "state": null,
        "country": null,
        "created_at": "2022-07-01T03:00:50.709Z",
        "updated_at": "2022-07-01T03:00:50.709Z"
    }
},
{
    "model": "student_management_app.student",
    "pk": 17,
    "fields": {
        "join_year": "1985",
        "stu_id": "24432",
        "roll_no": "54562",
        "student_user": [
            "lac12y24432"
        ],
        "gender": "Female",
        "shift": "Morning",
        "section": null,
        "course": null,
        "faculty": null,
        "course_category": 1,
        "program": null,
        "status": "Running",
        "contact": "Consequat Maiores q",
        "guardian": 17,
        "permanent_address": "Ipsum quis eiusmod a",
        "temporary_address": "In eos veniam esse",
        "dob": "2018-01-12",
        "blood_group": "B+",
        "optional_subject": null,
        "gpa": "Nostrum saepe necess",
        "previous_school_name": "Kaden Foley",
        "semester": 14,
        "image": "",
        "barcode": "student_barcodes/Lac12y_Cook.png",
        "transport": null,
        "subject": null,
        "register_no": null,
        "religion": null,
        "remarks": null,
        "extra_curricular_activities": "",
        "group": null,
        "state": null,
        "country": null,
        "created_at": "2022-07-01T03:01:24.033Z",
        "updated_at": "2022-07-01T03:01:24.033Z"
    }
},
{
    "model": "student_management_app.student",
    "pk": 18,
    "fields": {
        "join_year": "1985",
        "stu_id": "24433",
        "roll_no": "54563",
        "student_user": [
            "lac123y24433"
        ],
        "gender": "Female",
        "shift": "Morning",
        "section": null,
        "course": null,
        "faculty": null,
        "course_category": 1,
        "program": null,
        "status": "Running",
        "contact": "Consequat Maiores q",
        "guardian": 18,
        "permanent_address": "Ipsum quis eiusmod a",
        "temporary_address": "In eos veniam esse",
        "dob": "2018-01-12",
        "blood_group": "B+",
        "optional_subject": null,
        "gpa": "Nostrum saepe necess",
        "previous_school_name": "Kaden Foley",
        "semester": 7,
        "image": "",
        "barcode": "student_barcodes/Lac123y_Cook.png",
        "transport": null,
        "subject": null,
        "register_no": null,
        "religion": null,
        "remarks": null,
        "extra_curricular_activities": "",
        "group": null,
        "state": null,
        "country": null,
        "created_at": "2022-07-01T03:02:00.810Z",
        "updated_at": "2022-07-01T03:02:00.811Z"
    }
},
{
    "model": "student_management_app.student",
    "pk": 19,
    "fields": {
        "join_year": "1985",
        "stu_id": "244331",
        "roll_no": "545631",
        "student_user": [
            "lac123y244331"
        ],
        "gender": "Female",
        "shift": "Morning",
        "section": null,
        "course": null,
        "faculty": null,
        "course_category": 1,
        "program": null,
        "status": "Running",
        "contact": "Consequat Maiores q",
        "guardian": 19,
        "permanent_address": "Ipsum quis eiusmod a",
        "temporary_address": "In eos veniam esse",
        "dob": "2018-01-12",
        "blood_group": "B+",
        "optional_subject": null,
        "gpa": "Nostrum saepe necess",
        "previous_school_name": "Kaden Foley",
        "semester": 7,
        "image": "",
        "barcode": "student_barcodes/Lac123y_C1ook.png",
        "transport": null,
        "subject": null,
        "register_no": null,
        "religion": null,
        "remarks": null,
        "extra_curricular_activities": "",
        "group": null,
        "state": null,
        "country": null,
        "created_at": "2022-07-01T03:02:18.174Z",
        "updated_at": "2022-07-01T03:02:18.174Z"
    }
},
{
    "model": "student_management_app.student",
    "pk": 20,
    "fields": {
        "join_year": "1985",
        "stu_id": "24",
        "roll_no": "54",
        "student_user": [
            "lac123y24"
        ],
        "gender": "Female",
        "shift": "Morning",
        "section": null,
        "course": null,
        "faculty": null,
        "course_category": 1,
        "program": null,
        "status": "Running",
        "contact": "Consequat Maiores q",
        "guardian": 20,
        "permanent_address": "Ipsum quis eiusmod a",
        "temporary_address": "In eos veniam esse",
        "dob": "2018-01-12",
        "blood_group": "B+",
        "optional_subject": null,
        "gpa": "Nostrum saepe necess",
        "previous_school_name": "Kaden Foley",
        "semester": 14,
        "image": "",
        "barcode": "student_barcodes/Lac123y_C1ook_KZoXkG2.png",
        "transport": null,
        "subject": null,
        "register_no": null,
        "religion": null,
        "remarks": null,
        "extra_curricular_activities": "",
        "group": null,
        "state": null,
        "country": null,
        "created_at": "2022-07-01T03:03:00.986Z",
        "updated_at": "2022-07-01T03:03:00.986Z"
    }
},
{
    "model": "student_management_app.student",
    "pk": 21,
    "fields": {
        "join_year": "1985",
        "stu_id": "241",
        "roll_no": "541",
        "student_user": [
            "lac1123y241"
        ],
        "gender": "Female",
        "shift": "Morning",
        "section": 6,
        "course": null,
        "faculty": null,
        "course_category": 1,
        "program": null,
        "status": "Running",
        "contact": "Consequat Maiores q",
        "guardian": 21,
        "permanent_address": "Ipsum quis eiusmod a",
        "temporary_address": "In eos veniam esse",
        "dob": "2018-01-12",
        "blood_group": "B+",
        "optional_subject": null,
        "gpa": "Nostrum saepe necess",
        "previous_school_name": "Kaden Foley",
        "semester": 1,
        "image": "",
        "barcode": "student_barcodes/Lac1123y_C1ook.png",
        "transport": null,
        "subject": null,
        "register_no": null,
        "religion": null,
        "remarks": null,
        "extra_curricular_activities": "",
        "group": null,
        "state": null,
        "country": null,
        "created_at": "2022-07-01T03:03:32.992Z",
        "updated_at": "2022-07-01T03:03:32.992Z"
    }
},
{
    "model": "student_management_app.certificatetemplate",
    "pk": 1,
    "fields": {
        "certificate_number": "3323232",
        "date_of_issue": "2022-06-27",
        "salutations": "Mr",
        "student": 11,
        "passed_year": 2022,
        "photo": "",
        "created_at": "2022-07-05",
        "updated_at": "2022-07-05",
        "certificate_name": "",
        "theme": "",
        "main_middle_text": "",
        "top_heading_title": "",
        "top_heading_left": "",
        "top_heading_middle": "",
        "top_heading_right": "",
        "footer_left_text": "",
        "footer_middle_text": "",
        "footer_right_text": "",
        "background_image": ""
    }
},
{
    "model": "attendance.attendance",
    "pk": 63,
    "fields": {
        "faculty": "",
        "semester": 1,
        "section": 2,
        "subject": null,
        "attendance_date": "2022-07-04",
        "created_at": "2022-07-04T13:40:28.856Z",
        "session_year": null,
        "updated_at": "2022-07-04T13:40:28.856Z"
    }
},
{
    "model": "attendance.attendance",
    "pk": 64,
    "fields": {
        "faculty": "",
        "semester": 1,
        "section": 2,
        "subject": null,
        "attendance_date": "2022-07-04",
        "created_at": "2022-07-05T02:10:31.694Z",
        "session_year": null,
        "updated_at": "2022-07-05T02:10:31.694Z"
    }
},
{
    "model": "attendance.attendance",
    "pk": 65,
    "fields": {
        "faculty": "",
        "semester": 1,
        "section": 2,
        "subject": null,
        "attendance_date": "2022-07-04",
        "created_at": "2022-07-05T02:10:51.898Z",
        "session_year": null,
        "updated_at": "2022-07-05T02:10:51.898Z"
    }
},
{
    "model": "attendance.attendancereport",
    "pk": 58,
    "fields": {
        "student": 2,
        "staff": null,
        "extra_user": null,
        "attendance": 63,
        "status": "Late",
        "remarks": null,
        "created_at": "2022-07-04T13:40:29.051Z",
        "updated_at": "2022-07-04T13:40:29.051Z"
    }
},
{
    "model": "school_settings.missetting",
    "pk": 1,
    "fields": {
        "logo": "",
        "site_title": null,
        "phone_no": null,
        "system_email": null,
        "address": null,
        "academic_year": null,
        "footer": null,
        "version": "1.0"
    }
}
]